PERSONAL FINANCE DASHBOARD, , , , , , , , , , ,
, , , , , , , , , , ,
â”â”â”â”â”â”â”â”â”â”â”â”â”â”â”â”â”â”â”â”â”â”â”â”â”â”â”â”â”â”â”â”â”â”â”â”â”â”â”â”â”â”â”â”â”â”â”â”â”â”â”â”â”â”â”â”â”â”â”â”â”â”â”â”â”â”â”â”â”
, , , , , , , , , , ,
YOUR NAME:, [Enter Your Name], , , , , , , , , , 
Report Period:, January 2025 - December 2025, , , , , , , , , , 
, , , , , , , , , , ,
â”â”â”â”â”â”â”â”â”â”â”â”â”â”â”â”â”â”â”â”â”â”â”â”â”â”â”â”â”â”â”â”â”â”â”â”â”â”â”â”â”â”â”â”â”â”â”â”â”â”â”â”â”â”â”â”â”â”â”â”â”â”â”â”â”â”â”â”â”
, , , , , , , , , , ,
ğŸ“Š FINANCIAL SNAPSHOT, , , , , , , , , , ,
â”â”â”â”â”â”â”â”â”â”â”â”â”â”â”â”â”â”â”â”â”â”â”â”â”â”â”â”â”â”â”â”â”â”â”â”â”â”â”â”â”â”â”â”â”â”â”â”â”â”â”â”â”â”â”â”â”â”â”â”â”â”â”â”â”â”â”â”â”
, , , , , , , , , , ,
, THIS MONTH, , YTD, , , , , , , 
, , , , , , , , , , ,
Total Income, [Formula], , [Formula], , , , , , , 
Total Expenses, [Formula], , [Formula], , , , , , , 
Net Cash Flow, [Formula], , [Formula], , , , , , , 
Savings Rate, [Formula]%, , [Formula]%, , , , , , , 
, , , , , , , , , , ,
â”â”â”â”â”â”â”â”â”â”â”â”â”â”â”â”â”â”â”â”â”â”â”â”â”â”â”â”â”â”â”â”â”â”â”â”â”â”â”â”â”â”â”â”â”â”â”â”â”â”â”â”â”â”â”â”â”â”â”â”â”â”â”â”â”â”â”â”â”
, , , , , , , , , , ,
ğŸ’° SAVINGS PROGRESS, , , , , , , , , , ,
â”â”â”â”â”â”â”â”â”â”â”â”â”â”â”â”â”â”â”â”â”â”â”â”â”â”â”â”â”â”â”â”â”â”â”â”â”â”â”â”â”â”â”â”â”â”â”â”â”â”â”â”â”â”â”â”â”â”â”â”â”â”â”â”â”â”â”â”â”
, , , , , , , , , , ,
Goal, Target, Saved, Progress, % Complete, , , , , , 
Emergency Fund, $10,000, [Formula], [Bar], [Formula]%, , , , , , 
Vacation, $3,000, [Formula], [Bar], [Formula]%, , , , , , 
New Car, $15,000, [Formula], [Bar], [Formula]%, , , , , , 
Home Down Payment, $50,000, [Formula], [Bar], [Formula]%, , , , , , 
, , , , , , , , , , ,
TOTAL SAVED, [Sum], [Sum], , , , , , , , 
, , , , , , , , , , ,
â”â”â”â”â”â”â”â”â”â”â”â”â”â”â”â”â”â”â”â”â”â”â”â”â”â”â”â”â”â”â”â”â”â”â”â”â”â”â”â”â”â”â”â”â”â”â”â”â”â”â”â”â”â”â”â”â”â”â”â”â”â”â”â”â”â”â”â”â”
, , , , , , , , , , ,
ğŸ’³ DEBT PAYOFF PROGRESS, , , , , , , , , , ,
â”â”â”â”â”â”â”â”â”â”â”â”â”â”â”â”â”â”â”â”â”â”â”â”â”â”â”â”â”â”â”â”â”â”â”â”â”â”â”â”â”â”â”â”â”â”â”â”â”â”â”â”â”â”â”â”â”â”â”â”â”â”â”â”â”â”â”â”â”
, , , , , , , , , , ,
Debt Type, Original, Current, Paid Off, Progress, , , , , , 
Credit Card 1, $5,000, [Formula], [Formula], [Bar], , , , , , 
Credit Card 2, $3,000, [Formula], [Formula], [Bar], , , , , , 
Student Loan, $25,000, [Formula], [Formula], [Bar], , , , , , 
Car Loan, $12,000, [Formula], [Formula], [Bar], , , , , , 
, , , , , , , , , , ,
TOTAL DEBT, [Sum], [Sum], [Sum], , , , , , , 
, , , , , , , , , , ,
Debt-Free Date: [Calculated Date], , , , , , , , , , , 
, , , , , , , , , , ,
â”â”â”â”â”â”â”â”â”â”â”â”â”â”â”â”â”â”â”â”â”â”â”â”â”â”â”â”â”â”â”â”â”â”â”â”â”â”â”â”â”â”â”â”â”â”â”â”â”â”â”â”â”â”â”â”â”â”â”â”â”â”â”â”â”â”â”â”â”
, , , , , , , , , , ,
ğŸ“ˆ NET WORTH, , , , , , , , , , ,
â”â”â”â”â”â”â”â”â”â”â”â”â”â”â”â”â”â”â”â”â”â”â”â”â”â”â”â”â”â”â”â”â”â”â”â”â”â”â”â”â”â”â”â”â”â”â”â”â”â”â”â”â”â”â”â”â”â”â”â”â”â”â”â”â”â”â”â”â”
, , , , , , , , , , ,
, Amount, , , , , , , , , 
Total Assets, [Formula], , , , , , , , , , 
Total Liabilities, [Formula], , , , , , , , , , 
, , , , , , , , , , ,
NET WORTH, [Formula], , , , , , , , , , 
, Change from Last Month, [Formula], , , , , , , , , , 
, , , , , , , , , , ,
â”â”â”â”â”â”â”â”â”â”â”â”â”â”â”â”â”â”â”â”â”â”â”â”â”â”â”â”â”â”â”â”â”â”â”â”â”â”â”â”â”â”â”â”â”â”â”â”â”â”â”â”â”â”â”â”â”â”â”â”â”â”â”â”â”â”â”â”â”
, , , , , , , , , , ,
ğŸ“… BILLS DUE THIS MONTH, , , , , , , , , , ,
â”â”â”â”â”â”â”â”â”â”â”â”â”â”â”â”â”â”â”â”â”â”â”â”â”â”â”â”â”â”â”â”â”â”â”â”â”â”â”â”â”â”â”â”â”â”â”â”â”â”â”â”â”â”â”â”â”â”â”â”â”â”â”â”â”â”â”â”â”
, , , , , , , , , , ,
Bill, Due Date, Amount, Status, , , , , , , 
Rent/Mortgage, [Date], $1,500, â¬œ Unpaid, , , , , , , 
Electric, [Date], $120, âœ… Paid, , , , , , , 
Internet, [Date], $80, â¬œ Unpaid, , , , , , , 
Phone, [Date], $85, â¬œ Unpaid, , , , , , , 
Car Insurance, [Date], $150, âœ… Paid, , , , , , , 
, , , , , , , , , , ,
TOTAL BILLS, , [Sum], , , , , , , , 
, , , , , , , , , , ,
â”â”â”â”â”â”â”â”â”â”â”â”â”â”â”â”â”â”â”â”â”â”â”â”â”â”â”â”â”â”â”â”â”â”â”â”â”â”â”â”â”â”â”â”â”â”â”â”â”â”â”â”â”â”â”â”â”â”â”â”â”â”â”â”â”â”â”â”â”
, , , , , , , , , , ,
ğŸ“Š SPENDING BY CATEGORY, , , , , , , , , , ,
â”â”â”â”â”â”â”â”â”â”â”â”â”â”â”â”â”â”â”â”â”â”â”â”â”â”â”â”â”â”â”â”â”â”â”â”â”â”â”â”â”â”â”â”â”â”â”â”â”â”â”â”â”â”â”â”â”â”â”â”â”â”â”â”â”â”â”â”â”
, , , , , , , , , , ,
Category, Budget, Actual, Difference, % of Budget, , , , , , 
Housing, $1,500, [Formula], [Formula], [Formula]%, , , , , , 
Food, $600, [Formula], [Formula], [Formula]%, , , , , , 
Transportation, $400, [Formula], [Formula], [Formula]%, , , , , , 
Utilities, $200, [Formula], [Formula], [Formula]%, , , , , , 
Entertainment, $200, [Formula], [Formula], [Formula]%, , , , , , 
Shopping, $150, [Formula], [Formula], [Formula]%, , , , , , 
Healthcare, $100, [Formula], [Formula], [Formula]%, , , , , , 
Subscriptions, $100, [Formula], [Formula], [Formula]%, , , , , , 
Other, $200, [Formula], [Formula], [Formula]%, , , , , , 
, , , , , , , , , , ,
TOTAL, $3,450, [Sum], [Sum], , , , , , , 
, , , , , , , , , , ,
â”â”â”â”â”â”â”â”â”â”â”â”â”â”â”â”â”â”â”â”â”â”â”â”â”â”â”â”â”â”â”â”â”â”â”â”â”â”â”â”â”â”â”â”â”â”â”â”â”â”â”â”â”â”â”â”â”â”â”â”â”â”â”â”â”â”â”â”â”
, , , , , , , , , , ,
ğŸ“ˆ MONTHLY TREND, , , , , , , , , , ,
â”â”â”â”â”â”â”â”â”â”â”â”â”â”â”â”â”â”â”â”â”â”â”â”â”â”â”â”â”â”â”â”â”â”â”â”â”â”â”â”â”â”â”â”â”â”â”â”â”â”â”â”â”â”â”â”â”â”â”â”â”â”â”â”â”â”â”â”â”
, , , , , , , , , , ,
Month, Income, Expenses, Net Flow, Savings Rate, , , , , , 
January, [Formula], [Formula], [Formula], [Formula]%, , , , , , 
February, [Formula], [Formula], [Formula], [Formula]%, , , , , , 
March, [Formula], [Formula], [Formula], [Formula]%, , , , , , 
April, [Formula], [Formula], [Formula], [Formula]%, , , , , , 
May, [Formula], [Formula], [Formula], [Formula]%, , , , , , 
June, [Formula], [Formula], [Formula], [Formula]%, , , , , , 
July, [Formula], [Formula], [Formula], [Formula]%, , , , , , 
August, [Formula], [Formula], [Formula], [Formula]%, , , , , , 
September, [Formula], [Formula], [Formula], [Formula]%, , , , , , 
October, [Formula], [Formula], [Formula], [Formula]%, , , , , , 
November, [Formula], [Formula], [Formula], [Formula]%, , , , , , 
December, [Formula], [Formula], [Formula], [Formula]%, , , , , , 
, , , , , , , , , , ,
â”â”â”â”â”â”â”â”â”â”â”â”â”â”â”â”â”â”â”â”â”â”â”â”â”â”â”â”â”â”â”â”â”â”â”â”â”â”â”â”â”â”â”â”â”â”â”â”â”â”â”â”â”â”â”â”â”â”â”â”â”â”â”â”â”â”â”â”â”
, , , , , , , , , , ,
Last Updated: [Auto-date], , , , , , , , , , 
