NET WORTH CALCULATOR, , , , , , , , , , ,
, , , , , , , , , , ,
━━━━━━━━━━━━━━━━━━━━━━━━━━━━━━━━━━━━━━━━━━━━━━━━━━━━━━━━━━━━━━━━━━━━━
, , , , , , , , , , ,
Your net worth = Assets - Liabilities. Track it monthly!, , , , , , , , , , ,
, , , , , , , , , , ,
━━━━━━━━━━━━━━━━━━━━━━━━━━━━━━━━━━━━━━━━━━━━━━━━━━━━━━━━━━━━━━━━━━━━━
, , , , , , , , , , ,
CURRENT NET WORTH, , , , , , , , , , ,
━━━━━━━━━━━━━━━━━━━━━━━━━━━━━━━━━━━━━━━━━━━━━━━━━━━━━━━━━━━━━━━━━━━━━
, , , , , , , , , , ,
, AS OF: [Current Date], , , , , , , , , , 
, , , , , , , , , , ,
━━━━━━━━━━━━━━━━━━━━━━━━━━━━━━━━━━━━━━━━━━━━━━━━━━━━━━━━━━━━━━━━━━━━━
, , , , , , , , , , ,
ASSETS (What You Own), , , , , , , , , , ,
━━━━━━━━━━━━━━━━━━━━━━━━━━━━━━━━━━━━━━━━━━━━━━━━━━━━━━━━━━━━━━━━━━━━━
, , , , , , , , , , ,
━━━━━━━━━━━━━━━━━━━━━━━━━━━━━━━━━━━━━━━━━━━━━━━━━━━━━━━━━━━━━━━━━━━━━
, , , , , , , , , , ,
CASH & EQUIVALENTS, , , , , , , , , , ,
Checking Account, $5,200, , , , , , , , , , 
Savings Account, $15,000, , , , , , , , , , 
Emergency Fund, $10,000, , , , , , , , , , 
Cash on Hand, $500, , , , , , , , , , 
, , , , , , , , , , ,
SUBTOTAL - CASH, $30,700, , , , , , , , , , 
, , , , , , , , , , ,
━━━━━━━━━━━━━━━━━━━━━━━━━━━━━━━━━━━━━━━━━━━━━━━━━━━━━━━━━━━━━━━━━━━━━
, , , , , , , , , , ,
INVESTMENTS, , , , , , , , , , ,
401(k), $45,000, , , , , , , , , , 
Roth IRA, $12,000, , , , , , , , , , 
Brokerage Account, $8,500, , , , , , , , , , 
Stocks, $5,000, , , , , , , , , , 
Crypto, $2,000, , , , , , , , , , 
, , , , , , , , , , ,
SUBTOTAL - INVESTMENTS, $72,500, , , , , , , , , , 
, , , , , , , , , , ,
━━━━━━━━━━━━━━━━━━━━━━━━━━━━━━━━━━━━━━━━━━━━━━━━━━━━━━━━━━━━━━━━━━━━━
, , , , , , , , , , ,
REAL ESTATE, , , , , , , , , , ,
Primary Residence, $350,000, , , , , , , , , , 
Investment Property, $0, , , , , , , , , , 
Land, $0, , , , , , , , , , 
, , , , , , , , , , ,
SUBTOTAL - REAL ESTATE, $350,000, , , , , , , , , , 
, , , , , , , , , , ,
━━━━━━━━━━━━━━━━━━━━━━━━━━━━━━━━━━━━━━━━━━━━━━━━━━━━━━━━━━━━━━━━━━━━━
, , , , , , , , , , ,
VEHICLES, , , , , , , , , , ,
Car 1, $18,000, , , , , , , , , , 
Car 2, $0, , , , , , , , , , 
Motorcycle/Other, $0, , , , , , , , , , 
, , , , , , , , , , ,
SUBTOTAL - VEHICLES, $18,000, , , , , , , , , , 
, , , , , , , , , , ,
━━━━━━━━━━━━━━━━━━━━━━━━━━━━━━━━━━━━━━━━━━━━━━━━━━━━━━━━━━━━━━━━━━━━━
, , , , , , , , , , ,
OTHER ASSETS, , , , , , , , , , ,
Jewelry, $3,000, , , , , , , , , , 
Electronics, $2,500, , , , , , , , , , 
Furniture, $5,000, , , , , , , , , , 
Collectibles, $1,000, , , , , , , , , , 
Other, $0, , , , , , , , , , 
, , , , , , , , , , ,
SUBTOTAL - OTHER, $11,500, , , , , , , , , , 
, , , , , , , , , , ,
━━━━━━━━━━━━━━━━━━━━━━━━━━━━━━━━━━━━━━━━━━━━━━━━━━━━━━━━━━━━━━━━━━━━━
, , , , , , , , , , ,
TOTAL ASSETS, $482,700, , , , , , , , , , 
, , , , , , , , , , ,
━━━━━━━━━━━━━━━━━━━━━━━━━━━━━━━━━━━━━━━━━━━━━━━━━━━━━━━━━━━━━━━━━━━━━
, , , , , , , , , , ,
LIABILITIES (What You Owe), , , , , , , , , , ,
━━━━━━━━━━━━━━━━━━━━━━━━━━━━━━━━━━━━━━━━━━━━━━━━━━━━━━━━━━━━━━━━━━━━━
, , , , , , , , , , ,
━━━━━━━━━━━━━━━━━━━━━━━━━━━━━━━━━━━━━━━━━━━━━━━━━━━━━━━━━━━━━━━━━━━━━
, , , , , , , , , , ,
SHORT-TERM DEBT, , , , , , , , , , ,
Credit Card 1, $5,000, , , , , , , , , , 
Credit Card 2, $3,000, , , , , , , , , , 
Personal Loan, $2,000, , , , , , , , , , 
, , , , , , , , , , ,
SUBTOTAL - SHORT-TERM, $10,000, , , , , , , , , , 
, , , , , , , , , , ,
━━━━━━━━━━━━━━━━━━━━━━━━━━━━━━━━━━━━━━━━━━━━━━━━━━━━━━━━━━━━━━━━━━━━━
, , , , , , , , , , ,
LONG-TERM DEBT, , , , , , , , , , ,
Mortgage, $280,000, , , , , , , , , , 
Student Loans, $25,000, , , , , , , , , , 
Car Loan, $12,000, , , , , , , , , , 
HELOC, $0, , , , , , , , , , 
, , , , , , , , , , ,
SUBTOTAL - LONG-TERM, $317,000, , , , , , , , , , 
, , , , , , , , , , ,
━━━━━━━━━━━━━━━━━━━━━━━━━━━━━━━━━━━━━━━━━━━━━━━━━━━━━━━━━━━━━━━━━━━━━
, , , , , , , , , , ,
OTHER LIABILITIES, , , , , , , , , , ,
Medical Debt, $0, , , , , , , , , , 
Tax Debt, $0, , , , , , , , , , 
Other, $0, , , , , , , , , , 
, , , , , , , , , , ,
SUBTOTAL - OTHER, $0, , , , , , , , , , 
, , , , , , , , , , ,
━━━━━━━━━━━━━━━━━━━━━━━━━━━━━━━━━━━━━━━━━━━━━━━━━━━━━━━━━━━━━━━━━━━━━
, , , , , , , , , , ,
TOTAL LIABILITIES, $327,000, , , , , , , , , , 
, , , , , , , , , , ,
━━━━━━━━━━━━━━━━━━━━━━━━━━━━━━━━━━━━━━━━━━━━━━━━━━━━━━━━━━━━━━━━━━━━━
, , , , , , , , , , ,
NET WORTH CALCULATION, , , , , , , , , , ,
━━━━━━━━━━━━━━━━━━━━━━━━━━━━━━━━━━━━━━━━━━━━━━━━━━━━━━━━━━━━━━━━━━━━━
, , , , , , , , , , ,
, , , , , , , , , , ,
TOTAL ASSETS, $482,700, , , , , , , , , , 
(-) TOTAL LIABILITIES, $327,000, , , , , , , , , , 
━━━━━━━━━━━━━━━━━━━━━━━━━━━━━━━━━━━━━━━━━━━━━━━━━━━━━━━━━━━━━━━━━━━━━
, , , , , , , , , , ,
= NET WORTH, $155,700, , , , , , , , , , 
, , , , , , , , , , ,
━━━━━━━━━━━━━━━━━━━━━━━━━━━━━━━━━━━━━━━━━━━━━━━━━━━━━━━━━━━━━━━━━━━━━
, , , , , , , , , , ,
NET WORTH HISTORY, , , , , , , , , , ,
━━━━━━━━━━━━━━━━━━━━━━━━━━━━━━━━━━━━━━━━━━━━━━━━━━━━━━━━━━━━━━━━━━━━━
, , , , , , , , , , ,
Date, Assets, Liabilities, Net Worth, Change, % Change, , , , , , 
, , , , , , , , , , ,
Jan 2025, $475,000, $335,000, $140,000, -, -, , , , , , 
Feb 2025, $482,700, $327,000, $155,700, +$15,700, +11.2%, , , , , , 
Mar 2025, [Enter], [Enter], [Formula], [Formula], [Formula], , , , , , 
Apr 2025, [Enter], [Enter], [Formula], [Formula], [Formula], , , , , , 
May 2025, [Enter], [Enter], [Formula], [Formula], [Formula], , , , , , 
Jun 2025, [Enter], [Enter], [Formula], [Formula], [Formula], , , , , , 
, , , , , , , , , , ,
━━━━━━━━━━━━━━━━━━━━━━━━━━━━━━━━━━━━━━━━━━━━━━━━━━━━━━━━━━━━━━━━━━━━━
, , , , , , , , , , ,
NET WORTH MILESTONES, , , , , , , , , , ,
━━━━━━━━━━━━━━━━━━━━━━━━━━━━━━━━━━━━━━━━━━━━━━━━━━━━━━━━━━━━━━━━━━━━━
, , , , , , , , , , ,
Milestone, Target, Current Status, Date Achieved, , , , , , , , 
$0 (Debt Free), $0, ✅ Achieved, [Date], , , , , , , , 
$100,000, $100,000, ✅ Achieved, [Date], , , , , , , , 
$250,000, $250,000, 🔄 In Progress, -, , , , , , , , 
$500,000, $500,000, ⬜ Not Yet, -, , , , , , , , 
$1,000,000, $1,000,000, ⬜ Not Yet, -, , , , , , , , 
, , , , , , , , , , ,
━━━━━━━━━━━━━━━━━━━━━━━━━━━━━━━━━━━━━━━━━━━━━━━━━━━━━━━━━━━━━━━━━━━━━
, , , , , , , , , , ,
💡 TIPS TO GROW NET WORTH, , , , , , , , , , ,
━━━━━━━━━━━━━━━━━━━━━━━━━━━━━━━━━━━━━━━━━━━━━━━━━━━━━━━━━━━━━━━━━━━━━
, , , , , , , , , , ,
✓ Pay off high-interest debt first, , , , , , , , , , 
✓ Increase income through side hustles or career growth, , , , , , , , , , 
✓ Invest consistently in retirement accounts, , , , , , , , , , 
✓ Avoid lifestyle inflation when income increases, , , , , , , , , , 
✓ Review net worth monthly to stay motivated, , , , , , , , , , 
, , , , , , , , , , ,
━━━━━━━━━━━━━━━━━━━━━━━━━━━━━━━━━━━━━━━━━━━━━━━━━━━━━━━━━━━━━━━━━━━━━
